钱包地址,首次买入时间,买入延迟,所属时间窗口,买入金额,卖出金额,当前持仓,卖出占比,钱包角色,game_side,资金来源状态,原始证据引用
GzQBdNKgXxF4TkMW92q831hcrBrvrhoXr8s3ci2rVhbL,,,,,,0.1244908822223635,0.0,RETAIL_NOISE,NOISE_SIDE,资金待查,token_holders
6EBbAvqo9H6iJv1YRowvJS4nxaggCdkLpdiwHYjAvH98,,,,,,0.02827625366833492,0.0,RETAIL_NOISE,NOISE_SIDE,资金待查,token_holders
GQEDscC5otBQDb8UzbHE9zrRMSAtBvKiy4qFHpFZddju,,,,,,0.021815599785923647,0.0,EARLY_BUYER,STRUCTURE_SIDE,资金待查,token_holders
Wt7mnC5hYFNZaS2j8Zzpj4bTnqoBkfbreytsauFC7PY,,,,,,0.020833071639282212,0.16039323196517413,EARLY_BUYER,STRUCTURE_SIDE,资金待查,token_holders
DxM1hfY8FQ8dNGrucuJzhJcF8KRbjk8WBwrgKvQ9spPv,,,,,,0.01677830767095234,0.0,RETAIL_NOISE,NOISE_SIDE,资金待查,token_holders
S43hGWPsPi3gYmFqSHDgttXnJHYjrwP12fi7Q6SYEJM,,,,,,0.015857464118097093,0.0,RETAIL_NOISE,NOISE_SIDE,资金待查,token_holders
Bdkt9qFro8h7uUu3t2KYgsif4Y41dLxMMasPPqHuLeyS,,,,,,0.014303940610098306,0.0,RETAIL_NOISE,NOISE_SIDE,资金待查,token_holders
7cp6BSN4Q8D1B5b2vAUombZ2PZpJFa3Dfm7aBsYKouSn,,,,,,0.013959434379035681,0.0,RETAIL_NOISE,NOISE_SIDE,资金待查,token_holders
GMj12TB43eDeW9sLDUfwy9gixj9HW7RFgDBd8kuTzkn9,,,,,,0.013788142427960481,0.0,RETAIL_NOISE,NOISE_SIDE,资金待查,token_holders
5RhGvFbyuoZDB5LknGJsPjP5v9hvh71SNsyVZMZLbGnJ,,,,,,0.013230808648704413,0.07644960225215726,RETAIL_NOISE,NOISE_SIDE,资金待查,token_holders
53TDpUKBakvqVhs5G5M8P4JhwKMJ3qwxyUss7Upfd4uF,,,,,,0.012803238279944042,0.0,RETAIL_NOISE,NOISE_SIDE,资金待查,token_holders
GZkgxSpD6fDAibJrt5k7YRudQccagHj8VAj54MSqoDxz,,,,,,0.01266040340850343,0.09020290592297,RETAIL_NOISE,NOISE_SIDE,资金待查,token_holders
7pcf3w6KQKqJ8otbcENWtbU4cWAM1fpmb9wnS3UDTEZX,,,,,,0.012549008852402833,0.0,RETAIL_NOISE,NOISE_SIDE,资金待查,token_holders
D6Ue7Scx4BGjwF9HrwWHkDAfBBpNixTYt3VdjaVsB5M8,,,,,,0.01015395881558741,0.14105438462402597,RETAIL_NOISE,NOISE_SIDE,资金待查,token_holders
9z332Pxs4xaz7CdE4sYPEHu9a9qrxcUTkbvMXVo1q1Q8,,,,,,0.010033778561024517,0.0,RETAIL_NOISE,NOISE_SIDE,资金待查,token_holders
9z37u5ZvrZ9wBavhFTrxisZFLtw1HugQdpkT4aukL8Ay,,,,,,0.009783232940874386,0.0,RETAIL_NOISE,NOISE_SIDE,资金待查,token_holders
7sPBcEJ3YDtNzXdAos7iMgKoqw8nwjSzjC7TzPNeSGN1,,,,,,0.009687297174401366,0.5446941155743801,RETAIL_NOISE,NOISE_SIDE,资金待查,token_holders
4ahPEozG66M8Hq2YuKFZab9fr9yjPoEzHnfEYBVqPH9A,,,,,,0.009245493738865988,0.0,RETAIL_NOISE,NOISE_SIDE,资金待查,token_holders
8LNB2h8fzsXdsBBVxaXBvDx39EghberCT7eB3iq11q2m,,,,,,0.008885203271929872,0.0,RETAIL_NOISE,NOISE_SIDE,资金待查,token_holders
BEKzFP1qtZjcFCXjkK8btm182FcqjK8Xwyvp73KFEPmo,,,,,,0.00875914539843368,0.0,RETAIL_NOISE,NOISE_SIDE,资金待查,token_holders
FM5TctEqvJFd5sL96dpaiaSvsKvXCdfNAWC8caQv54LD,,,,,,0.008618571160496552,0.0,RETAIL_NOISE,NOISE_SIDE,资金待查,token_holders
9hqBffHAVqeaQP647CAeTCd1YtjBeUEgqB4aziHL4h2S,,,,,,0.008401237245942744,0.0,RETAIL_NOISE,NOISE_SIDE,资金待查,token_holders
HUg1XNBfdJbFDLEaMBmc2VWf6SCrBkFe11E83ktXXz3f,,,,,,0.008390631694123955,0.6917407806422823,RETAIL_NOISE,NOISE_SIDE,资金待查,token_holders
8Tzr9HVXB6yrZG87ErhEA9K6EKXVGvzRJ8wHUK4VJ9KD,,,,,,0.008244513963490057,0.0,RETAIL_NOISE,NOISE_SIDE,资金待查,token_holders
nigger7UFt7V1oCXM6FfAb7jQcBc1G4pWMqcDakHXjY,,,,,,0.008139250563139992,0.5292758386167072,RETAIL_NOISE,NOISE_SIDE,资金待查,token_holders
G3tVaeeeFagPtEHcAA2iGm9bg1AscXnHZmkQjEkqcxuT,,,,,,0.008090262458481953,0.0,RETAIL_NOISE,NOISE_SIDE,资金待查,token_holders
QQHGvEpc8d9aw7ZK9nhQpZXE9Hj3gCnNyXiqDNPacvA,,,,,,0.007959104639422558,0.0,RETAIL_NOISE,NOISE_SIDE,资金待查,token_holders
B4yyQkMj2tB6RXfqqsyv2iobARYsK2RLwPo71KMcMZJ1,,,,,,0.007707111441711029,0.0,RETAIL_NOISE,NOISE_SIDE,资金待查,token_holders
EDS4BNfiyxf5oi7VMTnYJsAQxBsmVw9iHRjWdqkVDJe,,,,,,0.007445072126548475,0.0,RETAIL_NOISE,NOISE_SIDE,资金待查,token_holders
3uVe66kGTd3CGYYK9TetnNF1nZ3aby12addtDdFVVrdn,,,,,,0.007065300252341945,0.0,EARLY_BUYER,STRUCTURE_SIDE,资金待查,token_holders
4MPT6gmQk4ZfVNUMGgohSfxtsUzsfKnX2Js5qcuLGtfA,,,,,,0.0,1.0,BAGHOLDER_WHALE,COUNTERPARTY_SIDE,资金待查,token_traders
HF2Lw2tYs4B3y1iqz6iw2f4wTjrn14KppvAezcm7TAT3,,,,,,0.005486491073247711,0.8278148368359626,BAGHOLDER_WHALE,COUNTERPARTY_SIDE,资金待查,token_holders
7XURCfraWRfNoNBk9wNqFmoWUdCGrDZXrGoWSc7WE5Nv,,,,,,0.0,1.0,HIGH_RESULT_WALLET,STRUCTURE_SIDE,资金待查,token_traders
H2hkxanvYfoFjpax5DARMQo1Kt6DHp5S5hMtXcdUPxKq,,,,,,0.0,1.0,EARLY_BUYER,STRUCTURE_SIDE,资金待查,token_traders
GJgYcNLPrYVhwnvMme33Du23WaQLkM1AgBZENdQ5Gdiv,,,,,,0.0,1.0,BAGHOLDER_WHALE,COUNTERPARTY_SIDE,资金待查,token_traders
25jFeTgKwMjFBhBRqpkcJwttfx6NBtw67piepXHRWvUQ,,,,,,0.0,1.0,BAGHOLDER_WHALE,COUNTERPARTY_SIDE,资金待查,token_traders
FjW1E4B3kM8ymaFXrKrDAqdu3Ea3yidLkKURf8VqTAnb,,,,,,0.0,1.0,BAGHOLDER_WHALE,COUNTERPARTY_SIDE,资金待查,token_traders
DKspRyvsYqY7WbAJWvsoVMrsJN6UcgfjMHKjXNBSt3v6,,,,,,0.0012732168329482548,0.9653480830654952,EARLY_BUYER,STRUCTURE_SIDE,资金待查,token_holders
7va7z9jNBXKUtKUKokLLfet4MeSgGq43tzBaVtDFkEGR,,,,,,0.005037280434421107,0.7576535574528328,BAGHOLDER_WHALE,COUNTERPARTY_SIDE,资金待查,token_holders
G2BtEo94CLLTvi9yNGHSMGq1zJrokjUiaLn2LEWBngBH,,,,,,0.0,1.0,DISTRIBUTION_SELLER,DISTRIBUTION_SIDE,资金待查,token_traders
BNV1bUS78s69mPmfK799DK5MycReN1Dq8pKiY4SXh1eb,,,,,,0.0,1.0,BAGHOLDER_WHALE,COUNTERPARTY_SIDE,资金待查,token_traders
7v2pxdVKDvGt6xXP3DuoYNkFioBFj71WG3wTsm3DAwCr,,,,,,0.0,1.0,BAGHOLDER_WHALE,COUNTERPARTY_SIDE,资金待查,token_traders
EKGi6h8DMpEkfuzssz4kiUvx3mpRqTPeznbJYPmxUCWj,,,,,,0.0016968710150093822,0.7499999994535829,BAGHOLDER_WHALE,COUNTERPARTY_SIDE,资金待查,token_traders
DxhjWFN2pJbhUkv9YLTn2KaBme7qfaBHcmpzocXUCz4h,,,,,,0.0,1.0,BAGHOLDER_WHALE,COUNTERPARTY_SIDE,资金待查,token_traders
8codemQrXGymCvPGLuNR6HXRSMfwnkiJsnpAxwACKu8E,,,,,,0.0,1.0,BAGHOLDER_WHALE,COUNTERPARTY_SIDE,资金待查,token_traders
Ae8u4VLVZJKABCLPjMWEGGPbTAYod5ibPSYKq3amBjfD,,,,,,0.0,1.0,BAGHOLDER_WHALE,COUNTERPARTY_SIDE,资金待查,token_traders
7DN9zKB7mYNK13ikHStwgo4WhERXRtG1sbgkWvTN9wp2,,,,,,0.0,1.0,EARLY_BUYER,STRUCTURE_SIDE,资金待查,token_traders
32FLvaX5uEfYvGPcDuiBHikdioThTvkYGq8VwsX3bo7W,,,,,,0.0,1.0,EARLY_BUYER,STRUCTURE_SIDE,资金待查,token_traders
F52A9q3heiCD9mJuvt1auK5ZPzD5VjsuzSNjg8LSC2hc,,,,,,0.006598453133292841,0.7707100753593098,BAGHOLDER_WHALE,COUNTERPARTY_SIDE,资金待查,token_holders
Bo9UkyDf1aLKraUws6zf6dwMDQYMXWaMg2uueiHwcVCE,,,,,,0.0,1.0,BAGHOLDER_WHALE,COUNTERPARTY_SIDE,资金待查,token_traders
X6cZqjiSRYeimboQZhYPJo7rnVeeq5xvJE1Sw2k5kMd,,,,,,0.0,1.0,BAGHOLDER_WHALE,COUNTERPARTY_SIDE,资金待查,token_traders
9qycMEgx3YDtZHowTgDecubrvhcErMLB4RHYSsMfWwxY,,,,,,0.0,1.0,BAGHOLDER_WHALE,COUNTERPARTY_SIDE,资金待查,token_traders
9Q39nReJxTGysVpNBUmZM36BLJxXUEwBNqRQF3sEFXVm,,,,,,0.003095105542835175,0.5,RETAIL_NOISE,NOISE_SIDE,资金待查,token_traders
C61P8QiqPAPDfzGTCFPUgnsgPYeiMQQ1cwLqZf1r637q,,,,,,0.0,1.0,BAGHOLDER_WHALE,COUNTERPARTY_SIDE,资金待查,token_traders
5t9xBNuDdGTGpjaPTx6hKd7sdRJbvtKS8Mhq6qVbo8Qz,,,,,,0.0,1.0,BAGHOLDER_WHALE,COUNTERPARTY_SIDE,资金待查,token_traders
9AdGpUquAExnBvZUcqzwZR8NedCBQpbE2KL4ahRf2dxb,,,,,,0.0,1.0,BAGHOLDER_WHALE,COUNTERPARTY_SIDE,资金待查,token_traders
HBR3KtGAssCRQWEpJRj3aNBXMj3FrfR4cSC6G3MecEv,,,,,,0.002336122601978539,0.6577021411186853,RETAIL_NOISE,NOISE_SIDE,资金待查,token_traders
2dHrjnovWbt5evnW9Ax2qUWUndJY653ipdU3tfNddvXP,,,,,,0.0,1.0,BAGHOLDER_WHALE,COUNTERPARTY_SIDE,资金待查,token_traders
SFGaSd3vZNfE3UdzyK4Rq2bkKSuFPUqtSAnVk69NZxo,,,,,,0.0,1.0,BAGHOLDER_WHALE,COUNTERPARTY_SIDE,资金待查,token_traders
AfENtt3nevWbkv1TdMwvwSiJ9rEZys5CSor76kictnQo,,,,,,0.006060826286271215,0.0,RETAIL_NOISE,NOISE_SIDE,资金待查,token_holders
CRYiQfeJCSidRXxPEnWfquSjyBperHyBcKstnFFQsXrz,,,,,,0.0031081976347193847,0.63777269539655,RETAIL_NOISE,NOISE_SIDE,资金待查,token_holders
29BvrUmdZhWA9MowDQBpbEnQWhGgLgUQYCxiW8ysQ6Et,,,,,,0.0026090096493640814,0.0,RETAIL_NOISE,NOISE_SIDE,资金待查,token_holders
ENSyaNa9fAGybSSUHcMQD6M93XoDgcVesXF6icgEuSSd,,,,,,0.0021117647660341267,0.5190037209278163,RETAIL_NOISE,NOISE_SIDE,资金待查,token_holders
92MZw35nSRYbyVFZEu8XwB7U2Ta2mUxzN1FvDLYHEVmc,,,,,,0.0019508873468733934,0.6551270184736397,RETAIL_NOISE,NOISE_SIDE,资金待查,token_holders
5iFfo44ffJM1JA45QsdVWaP1UbK7U6sML3pjGk4hNn4E,,,,,,0.0012834055472699323,0.8724950865555755,BAGHOLDER_WHALE,COUNTERPARTY_SIDE,资金待查,token_holders
ADx2FFjBXzixftkuDWr9pPNF3S9k3MStvqSSUqW3MEas,,,,,,0.0012283723849754982,0.7897380364528687,BAGHOLDER_WHALE,COUNTERPARTY_SIDE,资金待查,token_holders
hnu5iBK8UoHb51UFsH1RYTUAYdrhjHvV5YMTf9T1CYN,,,,,,0.0012024495820431756,0.6848413570912862,RETAIL_NOISE,NOISE_SIDE,资金待查,token_holders
ERBVcqUW8CyLF26CpZsMzi1Fq3pB8d8q5LswRiWk7jwT,,,,,,0.0010268315717581811,0.6562669798062661,RETAIL_NOISE,NOISE_SIDE,资金待查,token_holders
7YsvfRV3k3DEe9pE3DVZnJaRcCpHSDRkgMjABEFrbwhg,,,,,,0.0009632065098905107,0.7499999999999352,BAGHOLDER_WHALE,COUNTERPARTY_SIDE,资金待查,token_holders
4xo2Ynv7ZMxTg3ntd4c1i4j5mF1esDUHBFi7Esn1Y55U,,,,,,0.006910932231602566,0.0,EARLY_BUYER,STRUCTURE_SIDE,资金待查,token_holders
FnTpibKWoyV9mKs7s9VAZFK9we5y3YJDFwHCjhPZcRo2,,,,,,0.005412501089554511,0.0,EARLY_BUYER,STRUCTURE_SIDE,资金待查,token_holders
BPsNomJA37Z3qLxWafso6HFtTjF4Ew6QB8EwgPVF3aYr,,,,,,0.005092214849745753,0.0,EARLY_BUYER,STRUCTURE_SIDE,资金待查,token_holders
GoxDb1q33b5upSQtUpu5gXEgRnvaprJDVdAuAJe7d2a3,,,,,,0.003000038577496068,0.5158850037474947,DISTRIBUTION_SELLER,DISTRIBUTION_SIDE,资金待查,token_holders
FEFNHpjL3vxS8h5LhNRox753mpZcm6mYyakd5nawnDRi,,,,,,0.002756203467761392,0.0,EARLY_BUYER,STRUCTURE_SIDE,资金待查,token_holders
FroweXhfkunXwW3ST7vz9mzuDUi1EtT3CtpbR4N8AufR,,,,,,0.0021251837527348763,0.0,EARLY_BUYER,STRUCTURE_SIDE,资金待查,token_holders
GEXx6tFFSQv3F8yEaE4yiLvJtcF93YTtVHZvFUH6mWZj,,,,,,0.0018649397941008124,0.050892765657712606,EARLY_BUYER,STRUCTURE_SIDE,资金待查,token_holders
Agmdc1sYcJ8BHSRavVBbMYhwrGGsQtXePsRWaj3Wygbm,,,,,,0.0018571617954645278,0.6111322888811319,EARLY_BUYER,STRUCTURE_SIDE,资金待查,token_holders
FJyCAi7wCTvwbTaH3pKYXHCPAyQcDb1kAdCEuJo4n5bR,,,,,,0.0015269966391457828,0.9063441253806981,EARLY_BUYER,STRUCTURE_SIDE,资金待查,token_holders
8x6QzDRkys798VPzuHWKEoLGFHvqYgXP36tSR3yCofjh,,,,,,0.0013101660387760926,0.0,EARLY_BUYER,STRUCTURE_SIDE,资金待查,token_holders
3JnsEon7bsUWj1gC5awHBofUXQ8iGrRn716sjNnvYdFk,,,,,,0.0011502099503977522,0.6977381261406195,EARLY_BUYER,STRUCTURE_SIDE,资金待查,token_holders
DbyRv9YSrfwnJhbV3SMEUjENNmKsdUMSGzNAWpPrHp6Y,,,,,,0.0011008205577725523,0.0,EARLY_BUYER,STRUCTURE_SIDE,资金待查,token_holders
HXvxYcx3FQsBT1rfvboFtMpcTJ8AtbfHXon7uPqWawNN,,,,,,0.0009368014383396956,0.5,EARLY_BUYER,STRUCTURE_SIDE,资金待查,token_holders
824A8NZqMBf8LVitdrF8pVa6ztHUkyrAEgqc57B9H66z,,,,,,0.0008992261494000551,0.0,EARLY_BUYER,STRUCTURE_SIDE,资金待查,token_holders
B7WNUqk4vCpaZ4yDN1t54bE9pavKm3eq9RuADjPVegUx,,,,,,0.0008841269836558828,0.0,EARLY_BUYER,STRUCTURE_SIDE,资金待查,token_holders
BYA18BbCsSwhnsWZwa8aXx9jKqyPLGBXc3fVQKdemTiu,,,,,,0.0006370905526594167,0.5151768072057575,EARLY_BUYER,STRUCTURE_SIDE,资金待查,token_holders
2iDgRHxej14TsvCRsrmrbV5kvFRBtB77DwDMk7bzmXPc,,,,,,0.0006242707578756754,0.6262719686072771,EARLY_BUYER,STRUCTURE_SIDE,资金待查,token_holders
