doc_id,module,gap_type,detail
SIKK_candidate_discovery_wallet_structure_telegram_web_dashboard_cli_runtime_paper_runner_hermes_execution_repomix_context_paper-only_1f728e37f1fa,candidate_discovery,NOT_VISIBLE_IN_TG,TG 中不可见
SIKK_candidate_discovery_wallet_structure_telegram_web_dashboard_cli_runtime_paper_runner_hermes_execution_repomix_context_paper-only_1f728e37f1fa,candidate_discovery,NOT_VISIBLE_IN_WEB,Web 中不可见
SIKK_candidate_discovery_wallet_structure_telegram_web_dashboard_cli_runtime_paper_runner_hermes_execution_repomix_context_paper-only_1f728e37f1fa,candidate_discovery,NOT_VISIBLE_IN_CLI,CLI 中不可见
SIKK_candidate_discovery_wallet_structure_telegram_web_dashboard_cli_runtime_paper_runner_hermes_execution_repomix_context_paper-only_1f728e37f1fa,candidate_discovery,NO_TEST,缺少对应测试
SIKK_candidate_discovery_wallet_structure_telegram_web_dashboard_cli_runtime_paper_runner_hermes_execution_repomix_context_paper-only_1f728e37f1fa,candidate_discovery,NO_ACCEPTANCE,缺少验收声明
SIKK_candidate_discovery_wallet_structure_telegram_web_dashboard_cli_runtime_paper_runner_hermes_execution_repomix_context_paper-only_1f728e37f1fa,kline_signal,MISSING_MODULE,模块在映射中缺失或未接入
SIKK_candidate_discovery_wallet_structure_telegram_web_dashboard_cli_runtime_paper_runner_hermes_execution_repomix_context_paper-only_1f728e37f1fa,kline_signal,SURFACE_TEMPLATE,缺失模块也没有表层模板
SIKK_candidate_discovery_wallet_structure_telegram_web_dashboard_cli_runtime_paper_runner_hermes_execution_repomix_context_paper-only_1f728e37f1fa,kline_signal,NOT_RUNTIME_CONNECTED,未与 runtime 主流程连接
SIKK_candidate_discovery_wallet_structure_telegram_web_dashboard_cli_runtime_paper_runner_hermes_execution_repomix_context_paper-only_1f728e37f1fa,kline_signal,NOT_VISIBLE_IN_TG,TG 中不可见
SIKK_candidate_discovery_wallet_structure_telegram_web_dashboard_cli_runtime_paper_runner_hermes_execution_repomix_context_paper-only_1f728e37f1fa,kline_signal,NOT_VISIBLE_IN_WEB,Web 中不可见
SIKK_candidate_discovery_wallet_structure_telegram_web_dashboard_cli_runtime_paper_runner_hermes_execution_repomix_context_paper-only_1f728e37f1fa,kline_signal,NOT_VISIBLE_IN_CLI,CLI 中不可见
SIKK_candidate_discovery_wallet_structure_telegram_web_dashboard_cli_runtime_paper_runner_hermes_execution_repomix_context_paper-only_1f728e37f1fa,kline_signal,NO_TEST,缺少对应测试
SIKK_candidate_discovery_wallet_structure_telegram_web_dashboard_cli_runtime_paper_runner_hermes_execution_repomix_context_paper-only_1f728e37f1fa,kline_signal,NO_SOURCE_TRACE,缺少源文件或来源追踪
SIKK_candidate_discovery_wallet_structure_telegram_web_dashboard_cli_runtime_paper_runner_hermes_execution_repomix_context_paper-only_1f728e37f1fa,kline_signal,NO_ACCEPTANCE,缺少验收声明
SIKK_candidate_discovery_wallet_structure_telegram_web_dashboard_cli_runtime_paper_runner_hermes_execution_repomix_context_paper-only_1f728e37f1fa,wallet_structure,NOT_VISIBLE_IN_TG,TG 中不可见
SIKK_candidate_discovery_wallet_structure_telegram_web_dashboard_cli_runtime_paper_runner_hermes_execution_repomix_context_paper-only_1f728e37f1fa,wallet_structure,NOT_VISIBLE_IN_WEB,Web 中不可见
SIKK_candidate_discovery_wallet_structure_telegram_web_dashboard_cli_runtime_paper_runner_hermes_execution_repomix_context_paper-only_1f728e37f1fa,wallet_structure,NOT_VISIBLE_IN_CLI,CLI 中不可见
SIKK_candidate_discovery_wallet_structure_telegram_web_dashboard_cli_runtime_paper_runner_hermes_execution_repomix_context_paper-only_1f728e37f1fa,wallet_structure,NO_TEST,缺少对应测试
SIKK_candidate_discovery_wallet_structure_telegram_web_dashboard_cli_runtime_paper_runner_hermes_execution_repomix_context_paper-only_1f728e37f1fa,wallet_structure,NO_ACCEPTANCE,缺少验收声明
SIKK_candidate_discovery_wallet_structure_telegram_web_dashboard_cli_runtime_paper_runner_hermes_execution_repomix_context_paper-only_1f728e37f1fa,okx_cluster,MISSING_MODULE,模块在映射中缺失或未接入
SIKK_candidate_discovery_wallet_structure_telegram_web_dashboard_cli_runtime_paper_runner_hermes_execution_repomix_context_paper-only_1f728e37f1fa,okx_cluster,SURFACE_TEMPLATE,缺失模块也没有表层模板
SIKK_candidate_discovery_wallet_structure_telegram_web_dashboard_cli_runtime_paper_runner_hermes_execution_repomix_context_paper-only_1f728e37f1fa,okx_cluster,NOT_RUNTIME_CONNECTED,未与 runtime 主流程连接
SIKK_candidate_discovery_wallet_structure_telegram_web_dashboard_cli_runtime_paper_runner_hermes_execution_repomix_context_paper-only_1f728e37f1fa,okx_cluster,NOT_VISIBLE_IN_TG,TG 中不可见
SIKK_candidate_discovery_wallet_structure_telegram_web_dashboard_cli_runtime_paper_runner_hermes_execution_repomix_context_paper-only_1f728e37f1fa,okx_cluster,NOT_VISIBLE_IN_WEB,Web 中不可见
SIKK_candidate_discovery_wallet_structure_telegram_web_dashboard_cli_runtime_paper_runner_hermes_execution_repomix_context_paper-only_1f728e37f1fa,okx_cluster,NOT_VISIBLE_IN_CLI,CLI 中不可见
SIKK_candidate_discovery_wallet_structure_telegram_web_dashboard_cli_runtime_paper_runner_hermes_execution_repomix_context_paper-only_1f728e37f1fa,okx_cluster,NO_TEST,缺少对应测试
SIKK_candidate_discovery_wallet_structure_telegram_web_dashboard_cli_runtime_paper_runner_hermes_execution_repomix_context_paper-only_1f728e37f1fa,okx_cluster,NO_SOURCE_TRACE,缺少源文件或来源追踪
SIKK_candidate_discovery_wallet_structure_telegram_web_dashboard_cli_runtime_paper_runner_hermes_execution_repomix_context_paper-only_1f728e37f1fa,okx_cluster,NO_ACCEPTANCE,缺少验收声明
SIKK_candidate_discovery_wallet_structure_telegram_web_dashboard_cli_runtime_paper_runner_hermes_execution_repomix_context_paper-only_1f728e37f1fa,structure_fusion,MISSING_MODULE,模块在映射中缺失或未接入
SIKK_candidate_discovery_wallet_structure_telegram_web_dashboard_cli_runtime_paper_runner_hermes_execution_repomix_context_paper-only_1f728e37f1fa,structure_fusion,SURFACE_TEMPLATE,缺失模块也没有表层模板
SIKK_candidate_discovery_wallet_structure_telegram_web_dashboard_cli_runtime_paper_runner_hermes_execution_repomix_context_paper-only_1f728e37f1fa,structure_fusion,NOT_RUNTIME_CONNECTED,未与 runtime 主流程连接
SIKK_candidate_discovery_wallet_structure_telegram_web_dashboard_cli_runtime_paper_runner_hermes_execution_repomix_context_paper-only_1f728e37f1fa,structure_fusion,NOT_VISIBLE_IN_TG,TG 中不可见
SIKK_candidate_discovery_wallet_structure_telegram_web_dashboard_cli_runtime_paper_runner_hermes_execution_repomix_context_paper-only_1f728e37f1fa,structure_fusion,NOT_VISIBLE_IN_WEB,Web 中不可见
SIKK_candidate_discovery_wallet_structure_telegram_web_dashboard_cli_runtime_paper_runner_hermes_execution_repomix_context_paper-only_1f728e37f1fa,structure_fusion,NOT_VISIBLE_IN_CLI,CLI 中不可见
SIKK_candidate_discovery_wallet_structure_telegram_web_dashboard_cli_runtime_paper_runner_hermes_execution_repomix_context_paper-only_1f728e37f1fa,structure_fusion,NO_TEST,缺少对应测试
SIKK_candidate_discovery_wallet_structure_telegram_web_dashboard_cli_runtime_paper_runner_hermes_execution_repomix_context_paper-only_1f728e37f1fa,structure_fusion,NO_SOURCE_TRACE,缺少源文件或来源追踪
SIKK_candidate_discovery_wallet_structure_telegram_web_dashboard_cli_runtime_paper_runner_hermes_execution_repomix_context_paper-only_1f728e37f1fa,structure_fusion,NO_ACCEPTANCE,缺少验收声明
SIKK_candidate_discovery_wallet_structure_telegram_web_dashboard_cli_runtime_paper_runner_hermes_execution_repomix_context_paper-only_1f728e37f1fa,state_machine,MISSING_MODULE,模块在映射中缺失或未接入
SIKK_candidate_discovery_wallet_structure_telegram_web_dashboard_cli_runtime_paper_runner_hermes_execution_repomix_context_paper-only_1f728e37f1fa,state_machine,SURFACE_TEMPLATE,缺失模块也没有表层模板
SIKK_candidate_discovery_wallet_structure_telegram_web_dashboard_cli_runtime_paper_runner_hermes_execution_repomix_context_paper-only_1f728e37f1fa,state_machine,NOT_RUNTIME_CONNECTED,未与 runtime 主流程连接
SIKK_candidate_discovery_wallet_structure_telegram_web_dashboard_cli_runtime_paper_runner_hermes_execution_repomix_context_paper-only_1f728e37f1fa,state_machine,NOT_VISIBLE_IN_WEB,Web 中不可见
SIKK_candidate_discovery_wallet_structure_telegram_web_dashboard_cli_runtime_paper_runner_hermes_execution_repomix_context_paper-only_1f728e37f1fa,state_machine,NOT_VISIBLE_IN_CLI,CLI 中不可见
SIKK_candidate_discovery_wallet_structure_telegram_web_dashboard_cli_runtime_paper_runner_hermes_execution_repomix_context_paper-only_1f728e37f1fa,state_machine,NO_TEST,缺少对应测试
SIKK_candidate_discovery_wallet_structure_telegram_web_dashboard_cli_runtime_paper_runner_hermes_execution_repomix_context_paper-only_1f728e37f1fa,state_machine,NO_SOURCE_TRACE,缺少源文件或来源追踪
SIKK_candidate_discovery_wallet_structure_telegram_web_dashboard_cli_runtime_paper_runner_hermes_execution_repomix_context_paper-only_1f728e37f1fa,state_machine,NO_ACCEPTANCE,缺少验收声明
SIKK_candidate_discovery_wallet_structure_telegram_web_dashboard_cli_runtime_paper_runner_hermes_execution_repomix_context_paper-only_1f728e37f1fa,paper_runner,NOT_VISIBLE_IN_WEB,Web 中不可见
SIKK_candidate_discovery_wallet_structure_telegram_web_dashboard_cli_runtime_paper_runner_hermes_execution_repomix_context_paper-only_1f728e37f1fa,paper_runner,NOT_VISIBLE_IN_CLI,CLI 中不可见
SIKK_candidate_discovery_wallet_structure_telegram_web_dashboard_cli_runtime_paper_runner_hermes_execution_repomix_context_paper-only_1f728e37f1fa,paper_runner,NO_TEST,缺少对应测试
SIKK_candidate_discovery_wallet_structure_telegram_web_dashboard_cli_runtime_paper_runner_hermes_execution_repomix_context_paper-only_1f728e37f1fa,paper_runner,NO_ACCEPTANCE,缺少验收声明
SIKK_candidate_discovery_wallet_structure_telegram_web_dashboard_cli_runtime_paper_runner_hermes_execution_repomix_context_paper-only_1f728e37f1fa,case_file,MISSING_MODULE,模块在映射中缺失或未接入
SIKK_candidate_discovery_wallet_structure_telegram_web_dashboard_cli_runtime_paper_runner_hermes_execution_repomix_context_paper-only_1f728e37f1fa,case_file,SURFACE_TEMPLATE,缺失模块也没有表层模板
SIKK_candidate_discovery_wallet_structure_telegram_web_dashboard_cli_runtime_paper_runner_hermes_execution_repomix_context_paper-only_1f728e37f1fa,case_file,NOT_RUNTIME_CONNECTED,未与 runtime 主流程连接
SIKK_candidate_discovery_wallet_structure_telegram_web_dashboard_cli_runtime_paper_runner_hermes_execution_repomix_context_paper-only_1f728e37f1fa,case_file,NOT_VISIBLE_IN_TG,TG 中不可见
SIKK_candidate_discovery_wallet_structure_telegram_web_dashboard_cli_runtime_paper_runner_hermes_execution_repomix_context_paper-only_1f728e37f1fa,case_file,NOT_VISIBLE_IN_WEB,Web 中不可见
SIKK_candidate_discovery_wallet_structure_telegram_web_dashboard_cli_runtime_paper_runner_hermes_execution_repomix_context_paper-only_1f728e37f1fa,case_file,NOT_VISIBLE_IN_CLI,CLI 中不可见
SIKK_candidate_discovery_wallet_structure_telegram_web_dashboard_cli_runtime_paper_runner_hermes_execution_repomix_context_paper-only_1f728e37f1fa,case_file,NO_TEST,缺少对应测试
SIKK_candidate_discovery_wallet_structure_telegram_web_dashboard_cli_runtime_paper_runner_hermes_execution_repomix_context_paper-only_1f728e37f1fa,case_file,NO_SOURCE_TRACE,缺少源文件或来源追踪
SIKK_candidate_discovery_wallet_structure_telegram_web_dashboard_cli_runtime_paper_runner_hermes_execution_repomix_context_paper-only_1f728e37f1fa,case_file,NO_ACCEPTANCE,缺少验收声明
SIKK_candidate_discovery_wallet_structure_telegram_web_dashboard_cli_runtime_paper_runner_hermes_execution_repomix_context_paper-only_1f728e37f1fa,auto_review,MISSING_MODULE,模块在映射中缺失或未接入
SIKK_candidate_discovery_wallet_structure_telegram_web_dashboard_cli_runtime_paper_runner_hermes_execution_repomix_context_paper-only_1f728e37f1fa,auto_review,SURFACE_TEMPLATE,缺失模块也没有表层模板
SIKK_candidate_discovery_wallet_structure_telegram_web_dashboard_cli_runtime_paper_runner_hermes_execution_repomix_context_paper-only_1f728e37f1fa,auto_review,NOT_RUNTIME_CONNECTED,未与 runtime 主流程连接
SIKK_candidate_discovery_wallet_structure_telegram_web_dashboard_cli_runtime_paper_runner_hermes_execution_repomix_context_paper-only_1f728e37f1fa,auto_review,NOT_VISIBLE_IN_TG,TG 中不可见
SIKK_candidate_discovery_wallet_structure_telegram_web_dashboard_cli_runtime_paper_runner_hermes_execution_repomix_context_paper-only_1f728e37f1fa,auto_review,NOT_VISIBLE_IN_CLI,CLI 中不可见
SIKK_candidate_discovery_wallet_structure_telegram_web_dashboard_cli_runtime_paper_runner_hermes_execution_repomix_context_paper-only_1f728e37f1fa,auto_review,NO_TEST,缺少对应测试
SIKK_candidate_discovery_wallet_structure_telegram_web_dashboard_cli_runtime_paper_runner_hermes_execution_repomix_context_paper-only_1f728e37f1fa,auto_review,NO_SOURCE_TRACE,缺少源文件或来源追踪
SIKK_candidate_discovery_wallet_structure_telegram_web_dashboard_cli_runtime_paper_runner_hermes_execution_repomix_context_paper-only_1f728e37f1fa,auto_review,NO_ACCEPTANCE,缺少验收声明
SIKK_candidate_discovery_wallet_structure_telegram_web_dashboard_cli_runtime_paper_runner_hermes_execution_repomix_context_paper-only_1f728e37f1fa,unified_index,MISSING_MODULE,模块在映射中缺失或未接入
SIKK_candidate_discovery_wallet_structure_telegram_web_dashboard_cli_runtime_paper_runner_hermes_execution_repomix_context_paper-only_1f728e37f1fa,unified_index,SURFACE_TEMPLATE,缺失模块也没有表层模板
SIKK_candidate_discovery_wallet_structure_telegram_web_dashboard_cli_runtime_paper_runner_hermes_execution_repomix_context_paper-only_1f728e37f1fa,unified_index,NOT_RUNTIME_CONNECTED,未与 runtime 主流程连接
SIKK_candidate_discovery_wallet_structure_telegram_web_dashboard_cli_runtime_paper_runner_hermes_execution_repomix_context_paper-only_1f728e37f1fa,unified_index,NOT_VISIBLE_IN_CLI,CLI 中不可见
SIKK_candidate_discovery_wallet_structure_telegram_web_dashboard_cli_runtime_paper_runner_hermes_execution_repomix_context_paper-only_1f728e37f1fa,unified_index,NO_TEST,缺少对应测试
SIKK_candidate_discovery_wallet_structure_telegram_web_dashboard_cli_runtime_paper_runner_hermes_execution_repomix_context_paper-only_1f728e37f1fa,unified_index,NO_SOURCE_TRACE,缺少源文件或来源追踪
SIKK_candidate_discovery_wallet_structure_telegram_web_dashboard_cli_runtime_paper_runner_hermes_execution_repomix_context_paper-only_1f728e37f1fa,unified_index,NO_ACCEPTANCE,缺少验收声明
SIKK_candidate_discovery_wallet_structure_telegram_web_dashboard_cli_runtime_paper_runner_hermes_execution_repomix_context_paper-only_1f728e37f1fa,telegram,NOT_VISIBLE_IN_WEB,Web 中不可见
SIKK_candidate_discovery_wallet_structure_telegram_web_dashboard_cli_runtime_paper_runner_hermes_execution_repomix_context_paper-only_1f728e37f1fa,telegram,NOT_VISIBLE_IN_CLI,CLI 中不可见
SIKK_candidate_discovery_wallet_structure_telegram_web_dashboard_cli_runtime_paper_runner_hermes_execution_repomix_context_paper-only_1f728e37f1fa,telegram,NO_TEST,缺少对应测试
SIKK_candidate_discovery_wallet_structure_telegram_web_dashboard_cli_runtime_paper_runner_hermes_execution_repomix_context_paper-only_1f728e37f1fa,telegram,NO_ACCEPTANCE,缺少验收声明
SIKK_candidate_discovery_wallet_structure_telegram_web_dashboard_cli_runtime_paper_runner_hermes_execution_repomix_context_paper-only_1f728e37f1fa,web_dashboard,NOT_VISIBLE_IN_TG,TG 中不可见
SIKK_candidate_discovery_wallet_structure_telegram_web_dashboard_cli_runtime_paper_runner_hermes_execution_repomix_context_paper-only_1f728e37f1fa,web_dashboard,NOT_VISIBLE_IN_CLI,CLI 中不可见
SIKK_candidate_discovery_wallet_structure_telegram_web_dashboard_cli_runtime_paper_runner_hermes_execution_repomix_context_paper-only_1f728e37f1fa,web_dashboard,NO_TEST,缺少对应测试
SIKK_candidate_discovery_wallet_structure_telegram_web_dashboard_cli_runtime_paper_runner_hermes_execution_repomix_context_paper-only_1f728e37f1fa,web_dashboard,NO_ACCEPTANCE,缺少验收声明
SIKK_candidate_discovery_wallet_structure_telegram_web_dashboard_cli_runtime_paper_runner_hermes_execution_repomix_context_paper-only_1f728e37f1fa,cli,NOT_VISIBLE_IN_TG,TG 中不可见
SIKK_candidate_discovery_wallet_structure_telegram_web_dashboard_cli_runtime_paper_runner_hermes_execution_repomix_context_paper-only_1f728e37f1fa,cli,NOT_VISIBLE_IN_WEB,Web 中不可见
SIKK_candidate_discovery_wallet_structure_telegram_web_dashboard_cli_runtime_paper_runner_hermes_execution_repomix_context_paper-only_1f728e37f1fa,cli,NO_TEST,缺少对应测试
SIKK_candidate_discovery_wallet_structure_telegram_web_dashboard_cli_runtime_paper_runner_hermes_execution_repomix_context_paper-only_1f728e37f1fa,cli,NO_ACCEPTANCE,缺少验收声明
SIKK_candidate_discovery_wallet_structure_telegram_web_dashboard_cli_runtime_paper_runner_hermes_execution_repomix_context_paper-only_1f728e37f1fa,runtime,NO_TEST,缺少对应测试
SIKK_candidate_discovery_wallet_structure_telegram_web_dashboard_cli_runtime_paper_runner_hermes_execution_repomix_context_paper-only_1f728e37f1fa,runtime,NO_ACCEPTANCE,缺少验收声明
SIKK_candidate_discovery_wallet_structure_telegram_web_dashboard_cli_runtime_paper_runner_hermes_execution_repomix_context_paper-only_1f728e37f1fa,audit,MISSING_MODULE,模块在映射中缺失或未接入
SIKK_candidate_discovery_wallet_structure_telegram_web_dashboard_cli_runtime_paper_runner_hermes_execution_repomix_context_paper-only_1f728e37f1fa,audit,SURFACE_TEMPLATE,缺失模块也没有表层模板
SIKK_candidate_discovery_wallet_structure_telegram_web_dashboard_cli_runtime_paper_runner_hermes_execution_repomix_context_paper-only_1f728e37f1fa,audit,NOT_RUNTIME_CONNECTED,未与 runtime 主流程连接
SIKK_candidate_discovery_wallet_structure_telegram_web_dashboard_cli_runtime_paper_runner_hermes_execution_repomix_context_paper-only_1f728e37f1fa,audit,NOT_VISIBLE_IN_TG,TG 中不可见
SIKK_candidate_discovery_wallet_structure_telegram_web_dashboard_cli_runtime_paper_runner_hermes_execution_repomix_context_paper-only_1f728e37f1fa,audit,NOT_VISIBLE_IN_WEB,Web 中不可见
SIKK_candidate_discovery_wallet_structure_telegram_web_dashboard_cli_runtime_paper_runner_hermes_execution_repomix_context_paper-only_1f728e37f1fa,audit,NO_TEST,缺少对应测试
SIKK_candidate_discovery_wallet_structure_telegram_web_dashboard_cli_runtime_paper_runner_hermes_execution_repomix_context_paper-only_1f728e37f1fa,audit,NO_SOURCE_TRACE,缺少源文件或来源追踪
SIKK_candidate_discovery_wallet_structure_telegram_web_dashboard_cli_runtime_paper_runner_hermes_execution_repomix_context_paper-only_1f728e37f1fa,audit,NO_ACCEPTANCE,缺少验收声明
SIKK_candidate_discovery_wallet_structure_telegram_web_dashboard_cli_runtime_paper_runner_hermes_execution_repomix_context_paper-only_1f728e37f1fa,harness,MISSING_MODULE,模块在映射中缺失或未接入
SIKK_candidate_discovery_wallet_structure_telegram_web_dashboard_cli_runtime_paper_runner_hermes_execution_repomix_context_paper-only_1f728e37f1fa,harness,SURFACE_TEMPLATE,缺失模块也没有表层模板
SIKK_candidate_discovery_wallet_structure_telegram_web_dashboard_cli_runtime_paper_runner_hermes_execution_repomix_context_paper-only_1f728e37f1fa,harness,NOT_RUNTIME_CONNECTED,未与 runtime 主流程连接
SIKK_candidate_discovery_wallet_structure_telegram_web_dashboard_cli_runtime_paper_runner_hermes_execution_repomix_context_paper-only_1f728e37f1fa,harness,NOT_VISIBLE_IN_TG,TG 中不可见
SIKK_candidate_discovery_wallet_structure_telegram_web_dashboard_cli_runtime_paper_runner_hermes_execution_repomix_context_paper-only_1f728e37f1fa,harness,NOT_VISIBLE_IN_WEB,Web 中不可见
SIKK_candidate_discovery_wallet_structure_telegram_web_dashboard_cli_runtime_paper_runner_hermes_execution_repomix_context_paper-only_1f728e37f1fa,harness,NO_TEST,缺少对应测试
SIKK_candidate_discovery_wallet_structure_telegram_web_dashboard_cli_runtime_paper_runner_hermes_execution_repomix_context_paper-only_1f728e37f1fa,harness,NO_SOURCE_TRACE,缺少源文件或来源追踪
SIKK_candidate_discovery_wallet_structure_telegram_web_dashboard_cli_runtime_paper_runner_hermes_execution_repomix_context_paper-only_1f728e37f1fa,harness,NO_ACCEPTANCE,缺少验收声明
SIKK_candidate_discovery_wallet_structure_telegram_web_dashboard_cli_runtime_paper_runner_hermes_execution_repomix_context_paper-only_1f728e37f1fa,repomix_context,NOT_VISIBLE_IN_TG,TG 中不可见
SIKK_candidate_discovery_wallet_structure_telegram_web_dashboard_cli_runtime_paper_runner_hermes_execution_repomix_context_paper-only_1f728e37f1fa,repomix_context,NOT_VISIBLE_IN_WEB,Web 中不可见
SIKK_candidate_discovery_wallet_structure_telegram_web_dashboard_cli_runtime_paper_runner_hermes_execution_repomix_context_paper-only_1f728e37f1fa,repomix_context,NO_TEST,缺少对应测试
SIKK_candidate_discovery_wallet_structure_telegram_web_dashboard_cli_runtime_paper_runner_hermes_execution_repomix_context_paper-only_1f728e37f1fa,repomix_context,NO_ACCEPTANCE,缺少验收声明
SIKK_candidate_discovery_wallet_structure_telegram_web_dashboard_cli_runtime_paper_runner_hermes_execution_repomix_context_paper-only_1f728e37f1fa,hermes_execution,NOT_VISIBLE_IN_TG,TG 中不可见
SIKK_candidate_discovery_wallet_structure_telegram_web_dashboard_cli_runtime_paper_runner_hermes_execution_repomix_context_paper-only_1f728e37f1fa,hermes_execution,NOT_VISIBLE_IN_WEB,Web 中不可见
SIKK_candidate_discovery_wallet_structure_telegram_web_dashboard_cli_runtime_paper_runner_hermes_execution_repomix_context_paper-only_1f728e37f1fa,hermes_execution,NO_TEST,缺少对应测试
SIKK_candidate_discovery_wallet_structure_telegram_web_dashboard_cli_runtime_paper_runner_hermes_execution_repomix_context_paper-only_1f728e37f1fa,hermes_execution,NO_ACCEPTANCE,缺少验收声明
