钱包地址,钱包角色,game_side,证据等级,筹码解释,当前状态,处理动作,GMGN备注,原始证据引用
9LcD9bDZuUHvBbRrtLShdBoNFUND3V2pcRHUxjjGTmfN,RETAIL_NOISE,NOISE_SIDE,E1,GMGN标签=top_holder；profit=0.0；hold=0.11273570828722022；sell_ratio=0.0,仍持有,risk_watch,WOLVERINE-RETAIL_NOISE-E1-NOISE_SIDE,token_holders
3APDBoqYyZA8RJzFh8ukAdKqBL2pobdPqrZD4pSaJ8nA,RETAIL_NOISE,NOISE_SIDE,E1,"GMGN标签=gmgn,top_holder；profit=2607.1146640080046；hold=0.030066296367003593；sell_ratio=0.19483084668115297",仍持有,risk_watch,WOLVERINE-RETAIL_NOISE-E1-NOISE_SIDE,token_holders
AVc2wAyW9unrEgEHmfJTVzLECTX5edFzNYtDwP43ciqD,RETAIL_NOISE,NOISE_SIDE,E1,GMGN标签=top_holder；profit=3262.7470151924604；hold=0.02766444161765604；sell_ratio=0.0,仍持有,risk_watch,WOLVERINE-RETAIL_NOISE-E1-NOISE_SIDE,token_holders
3UT7hJZY27JsDaAVHzBUkgQNitSQNAPu4uQF6s68UATM,EARLY_BUYER,STRUCTURE_SIDE,E2,GMGN标签=top_holder；profit=2926.803469510907；hold=0.025263791725612293；sell_ratio=0.0,仍持有,risk_watch,WOLVERINE-EARLY_BUYER-E2-STRUCTURE_SIDE,token_holders
9yoSimMsWZUdbctcQ8RE4PAirbc6iewRx9pfrGLxwNoB,RETAIL_NOISE,NOISE_SIDE,E1,GMGN标签=top_holder；profit=1427.141221696956；hold=0.024689487262129977；sell_ratio=0.5386046211453699,仍持有,risk_watch,WOLVERINE-RETAIL_NOISE-E1-NOISE_SIDE,token_holders
4dErjzPmumZuHuY6KBGacLxVFVST21LQcUCXGS1WHJGx,EARLY_BUYER,STRUCTURE_SIDE,E2,"GMGN标签=fresh_wallet,top_holder；profit=1844.8508870112698；hold=0.021313831448766283；sell_ratio=0.0",仍持有,risk_watch,WOLVERINE-EARLY_BUYER-E2-STRUCTURE_SIDE,token_holders
DBZNRgUbLHvZQV1PexWpBiWizmwg9coV4V21JeYAg6Uy,RETAIL_NOISE,NOISE_SIDE,E1,GMGN标签=top_holder；profit=1520.582195841768；hold=0.020460689528790245；sell_ratio=0.0,仍持有,risk_watch,WOLVERINE-RETAIL_NOISE-E1-NOISE_SIDE,token_holders
5d7kbshGpm1e2drfj1dBp7XUi66qLJG4WzqP4MgF3mUA,DISTRIBUTION_SELLER,DISTRIBUTION_SIDE,E3,"GMGN标签=top_holder,transfer_in；profit=1113.7959199999996；hold=0.02000080711257022；sell_ratio=0.0",仍持有,risk_watch,WOLVERINE-DISTRIBUTION_SELLER-E3-DISTRIBUTION_SIDE,token_holders
5b8mm4zs35ZnE49L8uMEMRbqujKUUq9NfY1L38ZF97Kb,DISTRIBUTION_SELLER,DISTRIBUTION_SIDE,E3,"GMGN标签=top_holder,transfer_in；profit=2441.7839599999998；hold=0.02000080711257022；sell_ratio=0.0",仍持有,risk_watch,WOLVERINE-DISTRIBUTION_SELLER-E3-DISTRIBUTION_SIDE,token_holders
3wfeogsLJZGpVvC1VtofNFuAURAJ6w8WCkBwRPvBxhnu,BAGHOLDER_WHALE,COUNTERPARTY_SIDE,R2,"GMGN标签=fomo,top_holder；profit=3854.1272487964798；hold=0.02000080711257022；sell_ratio=0.8251721352658422",已清仓,risk_watch,WOLVERINE-BAGHOLDER_WHALE-R2-COUNTERPARTY_SIDE,token_traders
8MJH51fbbJ6T6iLuSFKY8S8WRNfzuJdBgqkuJnrENrqC,DISTRIBUTION_SELLER,DISTRIBUTION_SIDE,E3,"GMGN标签=top_holder,transfer_in；profit=1713.2731656197598；hold=0.016000645690056176；sell_ratio=0.0",仍持有,risk_watch,WOLVERINE-DISTRIBUTION_SELLER-E3-DISTRIBUTION_SIDE,token_holders
97wamyWhVT9D8pVkmnLiEp87WtwG8xZjzjBCQ1QhwyFX,RETAIL_NOISE,NOISE_SIDE,E1,GMGN标签=padre；profit=-576.7552623832444；hold=0.015606153891621143；sell_ratio=0.0,仍持有,risk_watch,WOLVERINE-RETAIL_NOISE-E1-NOISE_SIDE,token_holders
HerBaGXW9Q4STQfqdc2m3tk3shAsVu2R2HjRTPD5hK2q,DISTRIBUTION_SELLER,DISTRIBUTION_SIDE,E3,GMGN标签=transfer_in；profit=1132.94202；hold=0.015000605334427666；sell_ratio=0.0,仍持有,risk_watch,WOLVERINE-DISTRIBUTION_SELLER-E3-DISTRIBUTION_SIDE,token_holders
8sjfKLnXNTjBGp6hTEeXoY7jHzRa6xgkgFfU2LsmPF8i,EARLY_BUYER,STRUCTURE_SIDE,E2,"GMGN标签=creator,dev_team,sniper；profit=3448.716920726526；hold=0.014714144222516955；sell_ratio=0.0",仍持有,risk_watch,WOLVERINE-EARLY_BUYER-E2-STRUCTURE_SIDE,token_holders
DAzUoTKG656pMNR3YvNgZEUyEwSQk8FDJP7WoVcs6jNj,DISTRIBUTION_SELLER,DISTRIBUTION_SIDE,E3,GMGN标签=transfer_in；profit=71.05721218873396；hold=0.014704972403857385；sell_ratio=0.0,仍持有,risk_watch,WOLVERINE-DISTRIBUTION_SELLER-E3-DISTRIBUTION_SIDE,token_holders
2XpPvSMuK7o5qkGrVHoG479wbBtqVxgjBeReZvji9qvJ,DISTRIBUTION_SELLER,DISTRIBUTION_SIDE,E3,GMGN标签=transfer_in；profit=1301.9543225080931；hold=0.013000524623170643；sell_ratio=0.5823001129114872,仍持有,risk_watch,WOLVERINE-DISTRIBUTION_SELLER-E3-DISTRIBUTION_SIDE,token_holders
YpWbrg34T2UHzn22PaShPvnbNSKvpRBpJhRyNgpXF9P,RETAIL_NOISE,NOISE_SIDE,E1,GMGN标签=fomo；profit=1198.759620969336；hold=0.012843741000335328；sell_ratio=0.3228569186311445,仍持有,risk_watch,WOLVERINE-RETAIL_NOISE-E1-NOISE_SIDE,token_traders
14KbXMEiDZ6jW4Q5fYyHkMn8HhAuF6rjdXQXrbaD9nZe,BAGHOLDER_WHALE,COUNTERPARTY_SIDE,R2,GMGN标签=trojan；profit=4380.6941946252155；hold=0.012123157148503571；sell_ratio=0.8175338075397933,已清仓,risk_watch,WOLVERINE-BAGHOLDER_WHALE-R2-COUNTERPARTY_SIDE,token_traders
CLKyaAHCk8AWkNbfPfoUexmmrs8LrtS1jBKWSbdoG8Dt,RETAIL_NOISE,NOISE_SIDE,E1,GMGN标签=无；profit=1143.2224532289663；hold=0.011929923162551303；sell_ratio=0.4622791593225174,仍持有,risk_watch,WOLVERINE-RETAIL_NOISE-E1-NOISE_SIDE,token_traders
QVaGob9KXdZA3wq1Jr1sfc6X46xXKxQ1hBWYYFKXPzv,RETAIL_NOISE,NOISE_SIDE,E1,GMGN标签=无；profit=1404.8686830585364；hold=0.011604744578701729；sell_ratio=0.0,仍持有,risk_watch,WOLVERINE-RETAIL_NOISE-E1-NOISE_SIDE,token_holders
4NkKQ9RYwjHo9wxsY3sgq4KsFRKFnrJHEm9WjVk9HrqR,RETAIL_NOISE,NOISE_SIDE,E1,GMGN标签=无；profit=653.6745073329248；hold=0.010968812989026359；sell_ratio=0.0,仍持有,risk_watch,WOLVERINE-RETAIL_NOISE-E1-NOISE_SIDE,token_holders
FxRq27aojoCKTdSwyA97HvBhLx3E4VmTsN68zzXtqTFn,RETAIL_NOISE,NOISE_SIDE,E1,GMGN标签=无；profit=1116.1371687527035；hold=0.010801572529391852；sell_ratio=0.0,仍持有,risk_watch,WOLVERINE-RETAIL_NOISE-E1-NOISE_SIDE,token_holders
2v178XLeug7gpPXrU7LWmqizMBxjtRXkfWZ8iQA4P47i,RETAIL_NOISE,NOISE_SIDE,E1,GMGN标签=fomo；profit=1150.8461515262547；hold=0.010621577594668256；sell_ratio=0.6352866938302353,仍持有,risk_watch,WOLVERINE-RETAIL_NOISE-E1-NOISE_SIDE,token_traders
CaHbb9xtystKYWm6uskp7LyPTHiyivcfkqrMwd1F7fJk,EARLY_BUYER,STRUCTURE_SIDE,E2,"GMGN标签=padre,fresh_wallet；profit=874.6043664562992；hold=0.01051319283762477；sell_ratio=0.2499999996746635",仍持有,risk_watch,WOLVERINE-EARLY_BUYER-E2-STRUCTURE_SIDE,token_holders
E7dWj7JUpge7dpRa8zw1rDzAMpGLS7yq9o6xQGZdQ3rb,EARLY_BUYER,STRUCTURE_SIDE,E2,GMGN标签=fresh_wallet；profit=879.4001693150901；hold=0.010050977269660739；sell_ratio=0.0,仍持有,risk_watch,WOLVERINE-EARLY_BUYER-E2-STRUCTURE_SIDE,token_holders
FR4bdQtxSb6fZp8HvYXZ5qDpRSQ8NxhaGvz5Q89mXMeP,RETAIL_NOISE,NOISE_SIDE,E1,GMGN标签=无；profit=-41.900580961540086；hold=0.01000040355628511；sell_ratio=0.0010994691407716958,仍持有,risk_watch,WOLVERINE-RETAIL_NOISE-E1-NOISE_SIDE,token_holders
8HfzFoeMGkgtPKLGBkkE4wwY9dMSUgeJeTYd5bM5NAyT,RETAIL_NOISE,NOISE_SIDE,E1,"GMGN标签=fomo,padre；profit=820.4784605370409；hold=0.009973672116649596；sell_ratio=0.6436441015318737",仍持有,risk_watch,WOLVERINE-RETAIL_NOISE-E1-NOISE_SIDE,token_holders
CRCLhwcP1HiWb4p7BL72rBk1WY8HFYPPVeXt7HApu8Qc,DISTRIBUTION_SELLER,DISTRIBUTION_SIDE,E3,GMGN标签=transfer_in；profit=-37.19842355950951；hold=0.00992918407865731；sell_ratio=0.0,仍持有,risk_watch,WOLVERINE-DISTRIBUTION_SELLER-E3-DISTRIBUTION_SIDE,token_holders
91hi6qyPt9byJoCUAhZSeG9D5UPAR4vgj969RZ4Emei8,BAGHOLDER_WHALE,COUNTERPARTY_SIDE,R2,GMGN标签=fomo；profit=1212.8538358547812；hold=0.009900049123895345；sell_ratio=0.9320575969446855,已清仓,risk_watch,WOLVERINE-BAGHOLDER_WHALE-R2-COUNTERPARTY_SIDE,token_traders
CxBW5E5DPFAKsXJ113yZJkPMKugbNSpcZwwiNXd5pWXL,DISTRIBUTION_SELLER,DISTRIBUTION_SIDE,E3,GMGN标签=transfer_in；profit=565.8855178904889；hold=0.00980581862615784；sell_ratio=0.0,仍持有,risk_watch,WOLVERINE-DISTRIBUTION_SELLER-E3-DISTRIBUTION_SIDE,token_holders
2XWYFmSutsDiiqA7FBPg7A29tDPQKg1qaLFQrVHFCgnm,BAGHOLDER_WHALE,COUNTERPARTY_SIDE,R2,"GMGN标签=axiom,diamond_hands；profit=6847.5318302188425；hold=0.0；sell_ratio=1.0",已清仓,risk_watch,WOLVERINE-BAGHOLDER_WHALE-R2-COUNTERPARTY_SIDE,token_traders
CNLbtA1USuWXJuTzHc9jeFrh3ATeLdU8ffe42J9T6U1Z,BAGHOLDER_WHALE,COUNTERPARTY_SIDE,R2,GMGN标签=diamond_hands；profit=2411.76918253618；hold=0.0；sell_ratio=1.0,已清仓,risk_watch,WOLVERINE-BAGHOLDER_WHALE-R2-COUNTERPARTY_SIDE,token_traders
jyS6csWzRsY8CKEKAjrH14K9Bh2M7nGYuDWqYNH9kDQ,DISTRIBUTION_SELLER,DISTRIBUTION_SIDE,E4,"GMGN标签=gmgn,diamond_hands,transfer_in；profit=2269.679770426101；hold=0.0；sell_ratio=1.0",已清仓,risk_watch,WOLVERINE-DISTRIBUTION_SELLER-E4-DISTRIBUTION_SIDE,token_traders
HBYfbfZUJEU3d17gmGLVuiJr6hNyDhhkpDeCYKxGVKRX,BAGHOLDER_WHALE,COUNTERPARTY_SIDE,R2,GMGN标签=axiom；profit=1985.39136453391；hold=0.0；sell_ratio=1.0,已清仓,risk_watch,WOLVERINE-BAGHOLDER_WHALE-R2-COUNTERPARTY_SIDE,token_traders
29Sr7KmKRwuwFFrFDRfxTeLC2KYVT6qKSVkx5mqiTjp3,EARLY_BUYER,STRUCTURE_SIDE,E2,GMGN标签=fomo；profit=1526.1981718413538；hold=0.002296155411866491；sell_ratio=0.9130029165443052,仍持有,risk_watch,WOLVERINE-EARLY_BUYER-E2-STRUCTURE_SIDE,token_traders
GijFWw4oNyh9ko3FaZforNsi3jk6wDovARpkKahPD4o5,HIGH_RESULT_WALLET,STRUCTURE_SIDE,E3,"GMGN标签=smart_degen,padre,photon,axiom,bundler；profit=1503.0629416144259；hold=0.0；sell_ratio=1.0",未知,risk_watch,WOLVERINE-HIGH_RESULT_WALLET-E3-STRUCTURE_SIDE,token_traders
7aQ2v6Eh5ocjcJzjTBHaVUgi6UuSRDFKnaVQzco2ygvg,BAGHOLDER_WHALE,COUNTERPARTY_SIDE,R2,"GMGN标签=photon,axiom,diamond_hands；profit=1461.35996934434；hold=0.0；sell_ratio=1.0",已清仓,risk_watch,WOLVERINE-BAGHOLDER_WHALE-R2-COUNTERPARTY_SIDE,token_traders
72ovD1udZadSPmi4g8Ny98fYJrmPrcSgVTdpy1XMTPPo,BAGHOLDER_WHALE,COUNTERPARTY_SIDE,R2,"GMGN标签=axiom,bundler；profit=1397.2400198894063；hold=0.005406354490644116；sell_ratio=0.9406688004148444",已清仓,risk_watch,WOLVERINE-BAGHOLDER_WHALE-R2-COUNTERPARTY_SIDE,token_holders
2wGcK4oceiDRdA347syqTtPK9xxdp5umNGGA59cMcJUQ,RETAIL_NOISE,NOISE_SIDE,E1,GMGN标签=axiom；profit=1393.6495204024604；hold=0.009208878414064522；sell_ratio=0.6125700139773909,仍持有,risk_watch,WOLVERINE-RETAIL_NOISE-E1-NOISE_SIDE,token_traders
9z29GiS4Z1G3MD5itSNjncj9hMWD29sxMKLXqZWxUKYR,EARLY_BUYER,STRUCTURE_SIDE,E2,"GMGN标签=smart_degen,gmgn,fresh_wallet,paper_hands；profit=1381.32086208283；hold=0.0；sell_ratio=1.0",未知,risk_watch,WOLVERINE-EARLY_BUYER-E2-STRUCTURE_SIDE,token_traders
ASxMMi2gLWNYhWneDMgpkbGDMiXkUZYpVCpDmXWEqC66,BAGHOLDER_WHALE,COUNTERPARTY_SIDE,R2,GMGN标签=无；profit=1337.97734618216；hold=0.0；sell_ratio=1.0,已清仓,risk_watch,WOLVERINE-BAGHOLDER_WHALE-R2-COUNTERPARTY_SIDE,token_traders
ArZpnf8JC9CbFeCmnw9qKiY6j4Kmd5daiiS8odtimX8M,BAGHOLDER_WHALE,COUNTERPARTY_SIDE,R2,GMGN标签=diamond_hands；profit=1315.5483867883713；hold=0.0；sell_ratio=1.0,已清仓,risk_watch,WOLVERINE-BAGHOLDER_WHALE-R2-COUNTERPARTY_SIDE,token_traders
FbiBbTBP2Vs7b3j74eBsAYFpxWms11m23DeGmYcc8Yoo,BAGHOLDER_WHALE,COUNTERPARTY_SIDE,R2,GMGN标签=diamond_hands；profit=1170.0352161920896；hold=0.0；sell_ratio=1.0,已清仓,risk_watch,WOLVERINE-BAGHOLDER_WHALE-R2-COUNTERPARTY_SIDE,token_traders
EC2f5DnHzuNRit1ExqghSifDbp1wgrzktsRRZCtU92MJ,BAGHOLDER_WHALE,COUNTERPARTY_SIDE,R2,"GMGN标签=fomo,padre；profit=1128.1303927604367；hold=0.005007991790483714；sell_ratio=0.9314356860547484",已清仓,risk_watch,WOLVERINE-BAGHOLDER_WHALE-R2-COUNTERPARTY_SIDE,token_traders
22MDbHh7ZTDadJP4YtXwE6x5A1YUPqD2fkrPhXJVg4sW,BAGHOLDER_WHALE,COUNTERPARTY_SIDE,R2,GMGN标签=diamond_hands；profit=1050.600928259955；hold=0.0；sell_ratio=1.0,已清仓,risk_watch,WOLVERINE-BAGHOLDER_WHALE-R2-COUNTERPARTY_SIDE,token_traders
31wLQirUVBjQE3f4TNCjdzFUXnM3pVnVL6ivVBea59eQ,BAGHOLDER_WHALE,COUNTERPARTY_SIDE,R2,"GMGN标签=gmgn,trojan；profit=1046.18597246158；hold=0.0；sell_ratio=1.0",已清仓,risk_watch,WOLVERINE-BAGHOLDER_WHALE-R2-COUNTERPARTY_SIDE,token_traders
HQLPaWQhAeywVicRPRP4wur2WbsM7oD7xrMXSmN484tG,BAGHOLDER_WHALE,COUNTERPARTY_SIDE,R2,GMGN标签=fomo；profit=1030.359166570084；hold=0.0030606275348365407；sell_ratio=0.7254174024951237,已清仓,risk_watch,WOLVERINE-BAGHOLDER_WHALE-R2-COUNTERPARTY_SIDE,token_traders
6Xw8XGGTgad5gp8xT8eWK7DcJKNPBsNWfxrY6pufQgG,BAGHOLDER_WHALE,COUNTERPARTY_SIDE,R2,GMGN标签=fomo；profit=1023.6005064975049；hold=0.009216843976496828；sell_ratio=0.9186634651211374,已清仓,risk_watch,WOLVERINE-BAGHOLDER_WHALE-R2-COUNTERPARTY_SIDE,token_traders
5EzUr1Z8nahDXXK7oki6pPeJ3aWoM8cxHJShFumJtsT9,RETAIL_NOISE,NOISE_SIDE,E1,GMGN标签=photon；profit=1012.0731116920517；hold=0.006212292116340063；sell_ratio=0.44961365065990366,仍持有,risk_watch,WOLVERINE-RETAIL_NOISE-E1-NOISE_SIDE,token_traders
G3tVaeeeFagPtEHcAA2iGm9bg1AscXnHZmkQjEkqcxuT,BAGHOLDER_WHALE,COUNTERPARTY_SIDE,R2,GMGN标签=无；profit=1002.4045292279482；hold=0.006000242129451892；sell_ratio=0.8386104039347769,已清仓,risk_watch,WOLVERINE-BAGHOLDER_WHALE-R2-COUNTERPARTY_SIDE,token_traders
AwKRRJsTbiZ4XX7E84U2uifdWnApA7vsxVw9tmLGfxaT,BAGHOLDER_WHALE,COUNTERPARTY_SIDE,R2,"GMGN标签=diamond_hands,bundler；profit=981.31760027817；hold=0.0；sell_ratio=1.0",已清仓,risk_watch,WOLVERINE-BAGHOLDER_WHALE-R2-COUNTERPARTY_SIDE,token_traders
HfCCdqvH6a9GcWEnfSPKdzbKh8heTABKXmNLbtpVUR6X,BAGHOLDER_WHALE,COUNTERPARTY_SIDE,R2,GMGN标签=无；profit=913.7194713632653；hold=0.0；sell_ratio=1.0,已清仓,risk_watch,WOLVERINE-BAGHOLDER_WHALE-R2-COUNTERPARTY_SIDE,token_traders
DibmbhmyxLeSnqhWGywTvKqSQS3zAHavW2ZhnyAtuCpP,BAGHOLDER_WHALE,COUNTERPARTY_SIDE,R2,GMGN标签=bundler；profit=825.55333393301；hold=0.0；sell_ratio=1.0,已清仓,risk_watch,WOLVERINE-BAGHOLDER_WHALE-R2-COUNTERPARTY_SIDE,token_traders
BVuWvqvp3xKhGSoFdF685QWZzTftP6eNUuiDAYGtHEwi,RETAIL_NOISE,NOISE_SIDE,E1,GMGN标签=bundler；profit=298.0276199307102；hold=0.0018018412651974159；sell_ratio=0.18999999999975276,仍持有,risk_watch,WOLVERINE-RETAIL_NOISE-E1-NOISE_SIDE,token_holders
A58zLBPPQWH5ku3j2oSZEBhLZCLevBypWqd7vdFCTwZQ,RETAIL_NOISE,NOISE_SIDE,E1,GMGN标签=bundler；profit=52.147908719866166；hold=0.000498448835481307；sell_ratio=0.4375000000007053,仍持有,risk_watch,WOLVERINE-RETAIL_NOISE-E1-NOISE_SIDE,token_holders
GKG13JZ7eLJcnzz1shibmNbtbjbmts51HoL48a7sdywG,BAGHOLDER_WHALE,COUNTERPARTY_SIDE,R2,"GMGN标签=padre,gmgn,axiom,bundler；profit=30.31488111335481；hold=0.00026909789847659514；sell_ratio=0.8588647144282653",已清仓,risk_watch,WOLVERINE-BAGHOLDER_WHALE-R2-COUNTERPARTY_SIDE,token_holders
49XMpYrTMuo2nkeqnw3L86yFk7V1ho3dzjLLgPapERKo,RETAIL_NOISE,NOISE_SIDE,E1,"GMGN标签=gmgn,bundler；profit=7.8760606645401605；hold=0.0001205538291222204；sell_ratio=0.24999999999688927",仍持有,risk_watch,WOLVERINE-RETAIL_NOISE-E1-NOISE_SIDE,token_holders
Aw7FCdonryQfNq5f1fVQgphZ3wSkhykie3YnnbxCW6T1,BAGHOLDER_WHALE,COUNTERPARTY_SIDE,R2,"GMGN标签=fomo,bundler；profit=14.763427760438605；hold=7.553667820711237e-08；sell_ratio=0.9999750021035488",已清仓,risk_watch,WOLVERINE-BAGHOLDER_WHALE-R2-COUNTERPARTY_SIDE,token_holders
2N6fCENxiRYUp8AadUnZouSWZwUZEs5kHhQLE953mrPN,BAGHOLDER_WHALE,COUNTERPARTY_SIDE,R2,"GMGN标签=axiom,bundler,paper_hands；profit=52.9869795166；hold=0.0；sell_ratio=1.0",已清仓,risk_watch,WOLVERINE-BAGHOLDER_WHALE-R2-COUNTERPARTY_SIDE,token_holders
9sy14jon1jgtyyt8KgT1pfZRBusK21XX2LzZhz8hMBUS,BAGHOLDER_WHALE,COUNTERPARTY_SIDE,R2,"GMGN标签=gmgn,bundler；profit=-7.91221342268；hold=0.0；sell_ratio=1.0",已清仓,risk_watch,WOLVERINE-BAGHOLDER_WHALE-R2-COUNTERPARTY_SIDE,token_holders
7hNLzqGwzTM4AdADkbL75yX9LsbxEfjQSg7yH9eHc1Zv,BAGHOLDER_WHALE,COUNTERPARTY_SIDE,R2,"GMGN标签=bundler,paper_hands；profit=-16.43272723502；hold=0.0；sell_ratio=1.0",已清仓,risk_watch,WOLVERINE-BAGHOLDER_WHALE-R2-COUNTERPARTY_SIDE,token_holders
Ck2sNDSxA3Swf6qdMFnguv8BDsfHBKYMu16H3s9JR95C,BAGHOLDER_WHALE,COUNTERPARTY_SIDE,R2,"GMGN标签=bundler,paper_hands；profit=4.7146990276；hold=0.0；sell_ratio=1.0",已清仓,risk_watch,WOLVERINE-BAGHOLDER_WHALE-R2-COUNTERPARTY_SIDE,token_holders
2NUF9gtQLWCZt3danqfNifVxabWV3yPPagpsk8bWxDf4,EARLY_BUYER,STRUCTURE_SIDE,E3,"GMGN标签=bundler,paper_hands；profit=13.68264393225；hold=0.0；sell_ratio=1.0",未知,risk_watch,WOLVERINE-EARLY_BUYER-E3-STRUCTURE_SIDE,token_holders
EieF9nGQKuSyDaaZSy24vbUw6MA6yznEjz1FwWP8qLMD,BAGHOLDER_WHALE,COUNTERPARTY_SIDE,R2,"GMGN标签=trojan,bundler；profit=256.15090814261；hold=0.0；sell_ratio=1.0",已清仓,risk_watch,WOLVERINE-BAGHOLDER_WHALE-R2-COUNTERPARTY_SIDE,token_holders
3okkLKhr6YhU67Q7iQCKBMP5dXt3KRJj7Eeamxce5LFB,BAGHOLDER_WHALE,COUNTERPARTY_SIDE,R2,"GMGN标签=gmgn,bundler；profit=1.48609127912；hold=0.0；sell_ratio=1.0",已清仓,risk_watch,WOLVERINE-BAGHOLDER_WHALE-R2-COUNTERPARTY_SIDE,token_holders
FdHEV7sRsHJch6LmnEBtzLtU28zK3Dogb9tbhXLNyyGT,BAGHOLDER_WHALE,COUNTERPARTY_SIDE,R2,"GMGN标签=bundler,paper_hands；profit=67.93775805578；hold=0.0；sell_ratio=1.0",已清仓,risk_watch,WOLVERINE-BAGHOLDER_WHALE-R2-COUNTERPARTY_SIDE,token_holders
Dr4xFyE1bSaSgMKix2pZ7m3sTquB1ZuuoJLAYDJTv3CT,BAGHOLDER_WHALE,COUNTERPARTY_SIDE,R2,"GMGN标签=padre,bundler,paper_hands；profit=-4.61764981572；hold=0.0；sell_ratio=1.0",已清仓,risk_watch,WOLVERINE-BAGHOLDER_WHALE-R2-COUNTERPARTY_SIDE,token_holders
6ZaWy115mGrDMt5HLj8CxABW6UwfMRHxrCgmU12JKTz,BAGHOLDER_WHALE,COUNTERPARTY_SIDE,R2,"GMGN标签=bundler,paper_hands；profit=6.589060156397241；hold=0.0；sell_ratio=1.0",已清仓,risk_watch,WOLVERINE-BAGHOLDER_WHALE-R2-COUNTERPARTY_SIDE,token_holders
3X7X8KG91Tb3AetmwqNzARikiVCGkbzWGKK8N7EVmJuf,EARLY_BUYER,STRUCTURE_SIDE,E3,"GMGN标签=fresh_wallet,axiom,bundler,paper_hands；profit=23.91514820975；hold=0.0；sell_ratio=1.0",未知,risk_watch,WOLVERINE-EARLY_BUYER-E3-STRUCTURE_SIDE,token_holders
83DyVXFApimmzijUeiKZX1hF9Qxn6vjdMhmidMhv68D3,BAGHOLDER_WHALE,COUNTERPARTY_SIDE,R2,"GMGN标签=bundler,paper_hands；profit=-0.64358443886；hold=0.0；sell_ratio=1.0",已清仓,risk_watch,WOLVERINE-BAGHOLDER_WHALE-R2-COUNTERPARTY_SIDE,token_holders
99QbDV2M2x2ovjWgEDTdjVkJRi7BJkALSyYmTvBo7rpg,BAGHOLDER_WHALE,COUNTERPARTY_SIDE,R2,"GMGN标签=gmgn,axiom,bundler,paper_hands；profit=287.52954544467；hold=0.0；sell_ratio=1.0",已清仓,risk_watch,WOLVERINE-BAGHOLDER_WHALE-R2-COUNTERPARTY_SIDE,token_holders
BtkEQ3XdPfymRUFJHA3MLy1n82FBHy2DEN6sQNnwNxiZ,BAGHOLDER_WHALE,COUNTERPARTY_SIDE,R2,"GMGN标签=trojan,bundler,paper_hands；profit=-5.26443912994；hold=0.0；sell_ratio=1.0",已清仓,risk_watch,WOLVERINE-BAGHOLDER_WHALE-R2-COUNTERPARTY_SIDE,token_holders
Fy68Q7Bk4cNMh7w1s3F8rrAd39fJnB7y73g6ZTbBVUPE,EARLY_BUYER,STRUCTURE_SIDE,E2,"GMGN标签=fresh_wallet,axiom；profit=-481.0644434393736；hold=0.00559707518833515；sell_ratio=0.0",仍持有,risk_watch,WOLVERINE-EARLY_BUYER-E2-STRUCTURE_SIDE,token_holders
8fyDxeNxe2nN57cRRCLbYMp5Yzfr1bw74Urq9418gLc1,EARLY_BUYER,STRUCTURE_SIDE,E2,"GMGN标签=trojan,fresh_wallet；profit=676.5360282305916；hold=0.005011475233372567；sell_ratio=0.24612284227019168",仍持有,risk_watch,WOLVERINE-EARLY_BUYER-E2-STRUCTURE_SIDE,token_holders
DymeKc1716iiRNeZvwbR4Kfi3NFDpc3PmzKEqwtqC1rq,EARLY_BUYER,STRUCTURE_SIDE,E2,"GMGN标签=trojan,fresh_wallet；profit=7.0046534449123214；hold=0.0024808497028359086；sell_ratio=0.0",仍持有,risk_watch,WOLVERINE-EARLY_BUYER-E2-STRUCTURE_SIDE,token_holders
Gn3aNh4svE9eYpYDnmagwH6B7dG4mCm4m5Q6ZCYivei9,EARLY_BUYER,STRUCTURE_SIDE,E2,GMGN标签=fresh_wallet；profit=87.77079381093273；hold=0.001956767223616542；sell_ratio=0.0,仍持有,risk_watch,WOLVERINE-EARLY_BUYER-E2-STRUCTURE_SIDE,token_holders
DUaaZ8MX49SpmFGoCUPbhyoYufdEQCrh812jecxCSfoQ,EARLY_BUYER,STRUCTURE_SIDE,E2,GMGN标签=fresh_wallet；profit=159.06582457915997；hold=0.001338627668701943；sell_ratio=0.4856691749395093,仍持有,risk_watch,WOLVERINE-EARLY_BUYER-E2-STRUCTURE_SIDE,token_holders
2TqcXqBmtzANy6chcEBNnPY9YpjM6c6yJQgWAhUr5eZu,DISTRIBUTION_SELLER,DISTRIBUTION_SIDE,E3,"GMGN标签=fresh_wallet,transfer_in；profit=-41.86963265473963；hold=0.0008512454031599991；sell_ratio=0.0",仍持有,risk_watch,WOLVERINE-DISTRIBUTION_SELLER-E3-DISTRIBUTION_SIDE,token_holders
D4v2fDv75W9MoBXEcqrAzcpJQazsPURTHch5NRKEqohp,DISTRIBUTION_SELLER,DISTRIBUTION_SIDE,E3,"GMGN标签=fresh_wallet,transfer_in；profit=14.8061959606625；hold=0.00043344019257753123；sell_ratio=0.0",仍持有,risk_watch,WOLVERINE-DISTRIBUTION_SELLER-E3-DISTRIBUTION_SIDE,token_holders
4kSozMzM6GnrbMC9dNWnscAY9YHp6tu1ZL2XDdLm5iMU,EARLY_BUYER,STRUCTURE_SIDE,E2,"GMGN标签=trojan,fresh_wallet；profit=2.10115116160803；hold=0.00019227449637802683；sell_ratio=0.0",仍持有,risk_watch,WOLVERINE-EARLY_BUYER-E2-STRUCTURE_SIDE,token_holders
8jyZfXwAjMky4MYM7Vg2N3Qhyo4a8LGGtJMYeWUR1ccD,EARLY_BUYER,STRUCTURE_SIDE,E2,"GMGN标签=padre,fresh_wallet；profit=-0.33970841762064063；hold=3.7328136779631603e-06；sell_ratio=0.0",仍持有,risk_watch,WOLVERINE-EARLY_BUYER-E2-STRUCTURE_SIDE,token_holders
G7jedQ19G8hTBn3DPA7R6Ub6SvDGU2KeGJyxc3gd7yy5,EARLY_BUYER,STRUCTURE_SIDE,E2,"GMGN标签=fresh_wallet,paper_hands；profit=-16.135523222165；hold=0.0；sell_ratio=1.0",未知,risk_watch,WOLVERINE-EARLY_BUYER-E2-STRUCTURE_SIDE,token_holders
6Bof4jyQtu34YB4675qFZ8mJ6K4kcqYkTNSaAD5FtCUn,EARLY_BUYER,STRUCTURE_SIDE,E2,"GMGN标签=gmgn,fresh_wallet,paper_hands；profit=-60.00393100258；hold=0.0；sell_ratio=1.0",未知,risk_watch,WOLVERINE-EARLY_BUYER-E2-STRUCTURE_SIDE,token_holders
CGDiRwyUpBYisbed5uGV5eJ97Hzho9TtiznTzvmftxpK,EARLY_BUYER,STRUCTURE_SIDE,E2,"GMGN标签=fomo,padre,fresh_wallet,paper_hands；profit=-27.73733551654；hold=0.0；sell_ratio=1.0",未知,risk_watch,WOLVERINE-EARLY_BUYER-E2-STRUCTURE_SIDE,token_holders
9ZVH49DNUd44onLtbE1f7Pc2wZPxiBa4xmnoHdVLt7rh,EARLY_BUYER,STRUCTURE_SIDE,E2,"GMGN标签=gmgn,fresh_wallet；profit=-12.95652956154；hold=0.0；sell_ratio=1.0",未知,risk_watch,WOLVERINE-EARLY_BUYER-E2-STRUCTURE_SIDE,token_holders
3LRER4EqwXvhqHJUw6x5gjn5vAn3tfMNGsUedqdV3aHj,EARLY_BUYER,STRUCTURE_SIDE,E2,"GMGN标签=gmgn,fresh_wallet,paper_hands；profit=-1.29649926457；hold=0.0；sell_ratio=1.0",未知,risk_watch,WOLVERINE-EARLY_BUYER-E2-STRUCTURE_SIDE,token_holders
F8vX4krDxeXHDn2cTeu3MAbwdSKqqGhByQArYmWGr48n,EARLY_BUYER,STRUCTURE_SIDE,E2,"GMGN标签=gmgn,fresh_wallet,paper_hands；profit=0.53935259017；hold=0.0；sell_ratio=1.0",未知,risk_watch,WOLVERINE-EARLY_BUYER-E2-STRUCTURE_SIDE,token_holders
FUEL3Te8gvaohxwQMapfMTeJVHh2z1BL9fvTCcHZeYEh,EARLY_BUYER,STRUCTURE_SIDE,E2,GMGN标签=fresh_wallet；profit=0.25284475746；hold=0.0；sell_ratio=1.0,未知,risk_watch,WOLVERINE-EARLY_BUYER-E2-STRUCTURE_SIDE,token_holders
